user_id,channel,device,stage,timestamp
1,paid,desktop,visit,2026-06-26T00:48:00
1,paid,desktop,signup,2026-06-26T10:55:57.997419
1,paid,desktop,activate,2026-06-28T16:17:12.436449
2,paid,desktop,visit,2026-06-09T12:40:00
2,paid,desktop,signup,2026-06-11T01:06:06.162773
2,paid,desktop,activate,2026-06-11T15:29:53.300277
3,paid,desktop,visit,2026-07-24T15:16:00
3,paid,desktop,signup,2026-07-27T05:52:09.695034
4,organic,desktop,visit,2026-06-26T07:01:00
4,organic,desktop,signup,2026-06-29T03:56:25.031610
4,organic,desktop,activate,2026-06-29T10:42:31.365711
4,organic,desktop,purchase,2026-07-01T23:44:36.807496
5,email,mobile,visit,2026-07-19T19:24:00
5,email,mobile,signup,2026-07-22T13:48:46.934096
5,email,mobile,activate,2026-07-23T10:59:33.200455
6,email,desktop,visit,2026-06-18T12:03:00
7,organic,desktop,visit,2026-06-27T08:10:00
8,email,mobile,visit,2026-07-05T14:23:00
8,email,mobile,signup,2026-07-07T12:11:20.561553
8,email,mobile,activate,2026-07-08T14:54:18.203082
8,email,mobile,purchase,2026-07-09T10:12:02.742541
9,paid,mobile,visit,2026-06-16T13:51:00
10,organic,desktop,visit,2026-06-25T13:42:00
11,paid,mobile,visit,2026-06-30T12:24:00
12,referral,desktop,visit,2026-06-03T22:07:00
13,paid,desktop,visit,2026-07-22T15:01:00
14,organic,mobile,visit,2026-07-07T00:16:00
15,paid,desktop,visit,2026-06-13T17:01:00
15,paid,desktop,signup,2026-06-15T09:28:44.527847
15,paid,desktop,activate,2026-06-17T03:36:38.765556
16,paid,desktop,visit,2026-06-13T14:11:00
17,organic,desktop,visit,2026-06-10T23:31:00
17,organic,desktop,signup,2026-06-11T11:07:09.741326
18,paid,desktop,visit,2026-07-25T05:44:00
19,paid,mobile,visit,2026-06-02T01:04:00
20,organic,mobile,visit,2026-06-25T06:53:00
21,organic,desktop,visit,2026-06-15T09:30:00
22,email,mobile,visit,2026-06-24T23:22:00
23,referral,desktop,visit,2026-06-10T16:27:00
24,organic,mobile,visit,2026-07-26T10:18:00
24,organic,mobile,signup,2026-07-27T13:17:03.861605
24,organic,mobile,activate,2026-07-30T09:56:27.736288
25,email,mobile,visit,2026-07-15T11:22:00
25,email,mobile,signup,2026-07-18T06:16:07.885834
26,email,desktop,visit,2026-06-06T06:32:00
26,email,desktop,signup,2026-06-07T23:25:34.671304
26,email,desktop,activate,2026-06-10T04:09:01.633154
27,email,desktop,visit,2026-06-12T10:43:00
27,email,desktop,signup,2026-06-13T20:59:22.090747
27,email,desktop,activate,2026-06-14T16:08:49.348582
28,paid,desktop,visit,2026-07-20T02:06:00
29,referral,mobile,visit,2026-07-07T07:36:00
30,paid,desktop,visit,2026-07-18T02:39:00
31,organic,desktop,visit,2026-06-02T21:57:00
32,organic,desktop,visit,2026-06-07T11:05:00
33,organic,desktop,visit,2026-06-03T20:37:00
34,organic,desktop,visit,2026-07-15T04:24:00
34,organic,desktop,signup,2026-07-15T14:00:47.598924
35,paid,desktop,visit,2026-07-14T01:13:00
36,organic,desktop,visit,2026-07-10T05:38:00
36,organic,desktop,signup,2026-07-11T11:17:29.713133
37,organic,mobile,visit,2026-07-29T19:36:00
37,organic,mobile,signup,2026-07-31T00:38:54.492659
37,organic,mobile,activate,2026-08-02T14:42:09.811969
37,organic,mobile,purchase,2026-08-03T04:28:43.485830
37,organic,mobile,retain,2026-08-04T10:54:43.329485
38,organic,desktop,visit,2026-06-07T20:40:00
39,email,mobile,visit,2026-06-05T14:30:00
40,paid,desktop,visit,2026-06-09T11:44:00
41,email,desktop,visit,2026-07-15T04:53:00
42,email,mobile,visit,2026-06-15T23:39:00
43,email,desktop,visit,2026-07-12T09:58:00
43,email,desktop,signup,2026-07-14T12:09:05.744792
44,referral,mobile,visit,2026-07-15T07:08:00
44,referral,mobile,signup,2026-07-16T04:33:59.853551
45,paid,desktop,visit,2026-06-29T13:04:00
45,paid,desktop,signup,2026-07-01T07:10:08.528550
46,email,desktop,visit,2026-07-17T05:22:00
46,email,desktop,signup,2026-07-17T18:49:38.932900
46,email,desktop,activate,2026-07-19T19:28:30.950275
46,email,desktop,purchase,2026-07-20T04:11:42.401429
47,organic,mobile,visit,2026-07-27T09:03:00
47,organic,mobile,signup,2026-07-29T08:24:54.469892
47,organic,mobile,activate,2026-07-30T07:15:43.640825
47,organic,mobile,purchase,2026-08-01T07:30:55.512134
47,organic,mobile,retain,2026-08-02T02:42:47.172558
48,organic,mobile,visit,2026-07-12T14:49:00
48,organic,mobile,signup,2026-07-14T20:58:32.605217
48,organic,mobile,activate,2026-07-16T06:01:35.229892
49,email,desktop,visit,2026-06-20T09:38:00
50,organic,desktop,visit,2026-06-07T06:16:00
51,paid,desktop,visit,2026-07-20T10:40:00
52,paid,mobile,visit,2026-07-30T12:37:00
53,referral,mobile,visit,2026-06-10T10:17:00
54,organic,desktop,visit,2026-06-10T17:49:00
55,organic,desktop,visit,2026-06-20T04:07:00
56,organic,mobile,visit,2026-06-25T00:40:00
57,organic,mobile,visit,2026-06-05T14:58:00
57,organic,mobile,signup,2026-06-06T21:31:18.352970
57,organic,mobile,activate,2026-06-06T21:52:36.119133
58,paid,desktop,visit,2026-07-11T05:12:00
59,paid,desktop,visit,2026-06-07T20:22:00
60,referral,desktop,visit,2026-06-04T06:42:00
61,paid,desktop,visit,2026-06-12T14:24:00
61,paid,desktop,signup,2026-06-13T16:43:06.398227
62,email,desktop,visit,2026-07-03T13:38:00
62,email,desktop,signup,2026-07-04T07:40:28.277700
62,email,desktop,activate,2026-07-06T15:51:53.565746
63,paid,mobile,visit,2026-06-15T01:37:00
64,organic,desktop,visit,2026-06-17T02:46:00
65,organic,mobile,visit,2026-07-01T05:40:00
66,paid,mobile,visit,2026-06-23T14:07:00
66,paid,mobile,signup,2026-06-25T22:49:44.017945
66,paid,mobile,activate,2026-06-28T13:38:15.668032
67,organic,mobile,visit,2026-07-12T21:32:00
67,organic,mobile,signup,2026-07-15T08:37:47.636851
68,organic,mobile,visit,2026-07-07T06:27:00
68,organic,mobile,signup,2026-07-09T20:41:49.115515
69,organic,mobile,visit,2026-07-07T09:06:00
70,email,desktop,visit,2026-06-03T12:17:00
70,email,desktop,signup,2026-06-06T10:09:18.494157
70,email,desktop,activate,2026-06-09T07:27:40.876449
70,email,desktop,purchase,2026-06-09T15:21:19.791770
70,email,desktop,retain,2026-06-11T19:50:16.395269
71,organic,mobile,visit,2026-07-17T13:13:00
71,organic,mobile,signup,2026-07-20T05:59:27.805067
71,organic,mobile,activate,2026-07-20T09:16:56.815453
72,paid,mobile,visit,2026-06-18T22:25:00
73,organic,mobile,visit,2026-07-01T01:19:00
74,referral,desktop,visit,2026-06-28T08:03:00
74,referral,desktop,signup,2026-06-30T08:05:58.559299
74,referral,desktop,activate,2026-07-02T10:19:43.985229
74,referral,desktop,purchase,2026-07-03T00:13:19.874899
75,paid,mobile,visit,2026-06-16T20:10:00
76,organic,desktop,visit,2026-06-01T00:53:00
76,organic,desktop,signup,2026-06-01T16:05:43.686155
77,paid,desktop,visit,2026-07-11T05:05:00
78,organic,desktop,visit,2026-06-16T10:41:00
79,organic,mobile,visit,2026-07-27T08:47:00
79,organic,mobile,signup,2026-07-29T19:43:40.729561
80,referral,desktop,visit,2026-06-19T03:00:00
80,referral,desktop,signup,2026-06-19T06:25:21.958791
81,paid,mobile,visit,2026-07-12T10:52:00
82,paid,desktop,visit,2026-07-05T22:48:00
83,organic,mobile,visit,2026-06-01T12:06:00
84,email,mobile,visit,2026-07-09T16:44:00
84,email,mobile,signup,2026-07-12T02:38:55.795172
85,paid,mobile,visit,2026-06-12T01:06:00
86,email,mobile,visit,2026-07-21T20:59:00
87,email,mobile,visit,2026-07-26T18:21:00
88,email,desktop,visit,2026-07-20T20:50:00
89,organic,mobile,visit,2026-07-11T23:11:00
89,organic,mobile,signup,2026-07-12T17:03:35.533657
90,referral,desktop,visit,2026-07-28T01:09:00
90,referral,desktop,signup,2026-07-29T08:52:36.622041
90,referral,desktop,activate,2026-07-30T01:50:12.939774
90,referral,desktop,purchase,2026-08-01T18:08:44.005173
90,referral,desktop,retain,2026-08-02T05:05:25.012693
91,paid,desktop,visit,2026-06-20T11:23:00
91,paid,desktop,signup,2026-06-21T16:47:23.020844
92,paid,desktop,visit,2026-07-09T05:49:00
93,referral,mobile,visit,2026-06-02T18:40:00
94,referral,desktop,visit,2026-06-01T12:52:00
95,organic,desktop,visit,2026-07-09T03:21:00
96,referral,mobile,visit,2026-06-21T01:46:00
96,referral,mobile,signup,2026-06-21T21:29:26.576097
96,referral,mobile,activate,2026-06-23T01:32:58.374585
97,referral,mobile,visit,2026-07-13T13:01:00
98,email,desktop,visit,2026-07-06T20:45:00
99,referral,desktop,visit,2026-07-10T00:19:00
99,referral,desktop,signup,2026-07-11T09:36:46.025258
99,referral,desktop,activate,2026-07-12T12:58:13.269464
99,referral,desktop,purchase,2026-07-13T12:34:14.037599
100,paid,mobile,visit,2026-07-09T08:55:00
100,paid,mobile,signup,2026-07-09T14:54:20.609288
100,paid,mobile,activate,2026-07-11T05:47:23.835652
101,organic,mobile,visit,2026-07-30T07:46:00
101,organic,mobile,signup,2026-07-30T10:05:51.804910
101,organic,mobile,activate,2026-08-01T22:32:17.799482
102,organic,desktop,visit,2026-06-11T09:53:00
103,organic,mobile,visit,2026-07-04T13:51:00
103,organic,mobile,signup,2026-07-06T09:36:39.941319
104,organic,mobile,visit,2026-06-29T07:28:00
104,organic,mobile,signup,2026-06-29T09:24:46.603656
104,organic,mobile,activate,2026-07-01T10:12:51.175384
105,paid,mobile,visit,2026-06-07T22:01:00
106,email,desktop,visit,2026-06-28T10:49:00
107,paid,desktop,visit,2026-07-22T12:17:00
108,organic,desktop,visit,2026-07-04T17:31:00
108,organic,desktop,signup,2026-07-06T16:10:30.095880
108,organic,desktop,activate,2026-07-07T22:28:38.100359
108,organic,desktop,purchase,2026-07-09T05:44:51.297558
108,organic,desktop,retain,2026-07-11T21:57:06.574390
109,paid,desktop,visit,2026-06-17T00:46:00
110,email,desktop,visit,2026-07-19T23:39:00
111,paid,mobile,visit,2026-07-24T22:16:00
111,paid,mobile,signup,2026-07-27T11:36:17.434339
112,organic,mobile,visit,2026-06-23T04:43:00
113,paid,mobile,visit,2026-07-01T14:52:00
113,paid,mobile,signup,2026-07-04T04:09:00.632151
113,paid,mobile,activate,2026-07-04T19:30:05.734172
114,organic,mobile,visit,2026-06-26T03:31:00
115,paid,desktop,visit,2026-06-22T23:15:00
116,paid,mobile,visit,2026-07-14T08:02:00
117,paid,mobile,visit,2026-06-09T11:16:00
118,paid,desktop,visit,2026-07-23T22:25:00
119,paid,desktop,visit,2026-07-21T02:20:00
120,referral,desktop,visit,2026-06-23T21:11:00
120,referral,desktop,signup,2026-06-26T01:08:37.236320
120,referral,desktop,activate,2026-06-28T06:39:24.570832
121,referral,desktop,visit,2026-07-15T01:44:00
121,referral,desktop,signup,2026-07-16T20:13:28.674739
122,paid,mobile,visit,2026-06-18T16:03:00
123,paid,desktop,visit,2026-07-19T14:50:00
123,paid,desktop,signup,2026-07-19T18:12:21.284042
123,paid,desktop,activate,2026-07-20T15:18:37.933118
124,paid,mobile,visit,2026-06-10T08:06:00
125,paid,desktop,visit,2026-07-11T02:13:00
126,email,desktop,visit,2026-07-14T11:36:00
126,email,desktop,signup,2026-07-14T16:23:53.494745
126,email,desktop,activate,2026-07-16T09:59:09.650886
127,organic,mobile,visit,2026-06-28T15:44:00
127,organic,mobile,signup,2026-06-29T09:40:41.746847
127,organic,mobile,activate,2026-06-30T15:42:04.230549
128,paid,mobile,visit,2026-07-05T14:56:00
129,paid,mobile,visit,2026-07-10T00:47:00
130,paid,mobile,visit,2026-06-10T00:46:00
131,organic,desktop,visit,2026-06-08T09:21:00
131,organic,desktop,signup,2026-06-08T21:56:49.898849
131,organic,desktop,activate,2026-06-08T22:14:22.482888
131,organic,desktop,purchase,2026-06-10T17:02:04.572633
131,organic,desktop,retain,2026-06-11T09:46:39.881185
132,referral,mobile,visit,2026-07-12T07:50:00
132,referral,mobile,signup,2026-07-13T00:42:59.417986
132,referral,mobile,activate,2026-07-15T09:42:25.984313
133,email,desktop,visit,2026-06-11T10:43:00
134,paid,mobile,visit,2026-06-13T22:43:00
134,paid,mobile,signup,2026-06-14T10:44:47.454762
134,paid,mobile,activate,2026-06-16T16:41:47.671543
135,organic,desktop,visit,2026-06-28T16:17:00
136,email,desktop,visit,2026-07-15T22:42:00
137,paid,mobile,visit,2026-06-30T08:07:00
138,organic,desktop,visit,2026-07-23T08:32:00
139,organic,mobile,visit,2026-06-25T12:45:00
140,referral,desktop,visit,2026-07-18T05:41:00
141,email,desktop,visit,2026-07-24T06:40:00
142,email,mobile,visit,2026-07-13T18:45:00
142,email,mobile,signup,2026-07-14T18:48:53.544616
143,email,desktop,visit,2026-07-16T02:22:00
143,email,desktop,signup,2026-07-18T22:25:33.895781
144,paid,desktop,visit,2026-06-29T15:04:00
144,paid,desktop,signup,2026-06-29T23:30:05.147314
145,email,mobile,visit,2026-06-01T02:30:00
146,paid,desktop,visit,2026-06-18T01:46:00
147,paid,desktop,visit,2026-07-11T05:39:00
148,organic,desktop,visit,2026-06-27T05:12:00
149,referral,desktop,visit,2026-07-28T08:18:00
150,organic,desktop,visit,2026-07-21T03:19:00
150,organic,desktop,signup,2026-07-22T08:45:04.309498
150,organic,desktop,activate,2026-07-24T21:20:53.756128
150,organic,desktop,purchase,2026-07-27T17:32:30.958680
151,organic,mobile,visit,2026-06-27T13:34:00
152,organic,mobile,visit,2026-07-13T23:34:00
152,organic,mobile,signup,2026-07-15T15:18:09.452500
152,organic,mobile,activate,2026-07-18T09:41:05.804428
153,email,mobile,visit,2026-06-26T03:28:00
154,email,desktop,visit,2026-07-17T05:10:00
154,email,desktop,signup,2026-07-17T05:27:03.991732
155,email,mobile,visit,2026-07-15T13:38:00
156,paid,desktop,visit,2026-07-01T06:13:00
157,paid,desktop,visit,2026-06-30T06:56:00
158,email,desktop,visit,2026-07-05T20:36:00
158,email,desktop,signup,2026-07-08T04:27:41.931935
158,email,desktop,activate,2026-07-10T10:06:21.413366
159,email,desktop,visit,2026-07-30T08:21:00
160,paid,desktop,visit,2026-07-16T17:16:00
161,organic,desktop,visit,2026-07-11T01:51:00
161,organic,desktop,signup,2026-07-13T19:24:38.723855
161,organic,desktop,activate,2026-07-14T05:52:31.911724
162,email,desktop,visit,2026-06-25T02:57:00
162,email,desktop,signup,2026-06-27T04:51:19.658298
163,email,mobile,visit,2026-07-19T13:42:00
164,organic,mobile,visit,2026-07-15T09:56:00
165,organic,desktop,visit,2026-07-28T10:47:00
166,organic,desktop,visit,2026-06-09T05:26:00
167,organic,mobile,visit,2026-06-10T03:33:00
168,referral,mobile,visit,2026-06-05T04:28:00
168,referral,mobile,signup,2026-06-05T08:36:05.901003
168,referral,mobile,activate,2026-06-06T15:40:04.869171
168,referral,mobile,purchase,2026-06-07T21:23:40.343876
169,organic,desktop,visit,2026-07-26T11:27:00
170,paid,desktop,visit,2026-07-24T01:55:00
170,paid,desktop,signup,2026-07-25T11:10:24.043573
170,paid,desktop,activate,2026-07-26T05:37:52.808713
170,paid,desktop,purchase,2026-07-28T15:35:04.034357
171,referral,desktop,visit,2026-07-11T04:58:00
172,email,desktop,visit,2026-07-09T14:55:00
173,paid,desktop,visit,2026-07-06T00:22:00
174,organic,desktop,visit,2026-07-03T16:09:00
175,email,desktop,visit,2026-07-30T21:55:00
176,organic,mobile,visit,2026-06-05T11:08:00
177,referral,mobile,visit,2026-06-27T01:12:00
178,organic,mobile,visit,2026-06-20T22:25:00
179,paid,mobile,visit,2026-07-31T00:00:00
180,organic,desktop,visit,2026-07-28T02:42:00
181,organic,desktop,visit,2026-07-23T18:05:00
181,organic,desktop,signup,2026-07-24T03:37:54.631974
182,organic,desktop,visit,2026-06-19T06:38:00
182,organic,desktop,signup,2026-06-20T21:31:00.304336
183,paid,mobile,visit,2026-06-15T23:27:00
183,paid,mobile,signup,2026-06-18T10:50:42.711078
184,email,mobile,visit,2026-07-01T19:56:00
185,paid,desktop,visit,2026-06-21T12:51:00
186,referral,mobile,visit,2026-07-21T17:28:00
186,referral,mobile,signup,2026-07-24T02:25:00.120750
186,referral,mobile,activate,2026-07-25T17:05:46.497022
187,referral,mobile,visit,2026-07-24T04:59:00
187,referral,mobile,signup,2026-07-26T02:59:42.092478
187,referral,mobile,activate,2026-07-28T03:36:56.786471
188,paid,mobile,visit,2026-06-30T20:32:00
189,organic,desktop,visit,2026-07-13T06:12:00
190,organic,desktop,visit,2026-06-13T17:20:00
190,organic,desktop,signup,2026-06-13T20:06:31.987270
191,organic,desktop,visit,2026-07-19T22:17:00
191,organic,desktop,signup,2026-07-21T07:00:01.150033
191,organic,desktop,activate,2026-07-23T12:31:55.539088
192,paid,mobile,visit,2026-06-15T01:33:00
193,referral,mobile,visit,2026-07-27T00:54:00
193,referral,mobile,signup,2026-07-29T21:24:51.831630
193,referral,mobile,activate,2026-07-31T00:09:19.806149
194,email,mobile,visit,2026-06-10T01:02:00
195,paid,mobile,visit,2026-07-29T16:38:00
196,paid,desktop,visit,2026-06-12T02:51:00
197,email,desktop,visit,2026-06-20T07:21:00
198,paid,desktop,visit,2026-07-01T08:33:00
198,paid,desktop,signup,2026-07-01T17:42:14.138473
199,organic,mobile,visit,2026-06-19T20:32:00
200,email,desktop,visit,2026-06-14T10:20:00
201,paid,desktop,visit,2026-06-14T04:04:00
202,paid,mobile,visit,2026-06-11T00:08:00
203,organic,desktop,visit,2026-06-22T15:46:00
204,organic,desktop,visit,2026-06-12T12:54:00
205,paid,mobile,visit,2026-07-14T08:22:00
206,paid,mobile,visit,2026-07-12T03:25:00
207,email,desktop,visit,2026-07-30T23:23:00
208,paid,mobile,visit,2026-06-06T12:52:00
209,email,desktop,visit,2026-06-10T19:50:00
210,email,desktop,visit,2026-06-08T08:29:00
210,email,desktop,signup,2026-06-08T19:14:54.727434
210,email,desktop,activate,2026-06-10T16:14:13.067654
211,referral,desktop,visit,2026-07-25T09:01:00
211,referral,desktop,signup,2026-07-26T17:44:19.698685
211,referral,desktop,activate,2026-07-27T00:58:11.051706
212,email,mobile,visit,2026-07-21T04:24:00
213,organic,desktop,visit,2026-06-21T19:09:00
213,organic,desktop,signup,2026-06-24T06:44:29.192142
213,organic,desktop,activate,2026-06-26T11:18:02.093618
213,organic,desktop,purchase,2026-06-27T09:52:15.694772
213,organic,desktop,retain,2026-06-30T06:32:03.582033
214,referral,desktop,visit,2026-06-09T07:17:00
215,organic,desktop,visit,2026-07-04T22:03:00
216,paid,mobile,visit,2026-07-22T02:48:00
217,referral,desktop,visit,2026-07-09T11:55:00
218,referral,mobile,visit,2026-07-25T15:36:00
218,referral,mobile,signup,2026-07-25T23:08:55.970484
218,referral,mobile,activate,2026-07-26T10:22:26.329203
219,email,desktop,visit,2026-07-21T15:10:00
219,email,desktop,signup,2026-07-23T22:05:52.841771
219,email,desktop,activate,2026-07-26T08:14:14.021480
220,email,mobile,visit,2026-07-26T20:22:00
221,paid,mobile,visit,2026-07-30T21:03:00
222,organic,desktop,visit,2026-06-29T02:59:00
223,paid,desktop,visit,2026-06-14T00:56:00
224,paid,desktop,visit,2026-07-28T15:11:00
225,organic,desktop,visit,2026-07-05T05:48:00
225,organic,desktop,signup,2026-07-06T06:24:37.515921
225,organic,desktop,activate,2026-07-08T10:23:35.416212
226,paid,desktop,visit,2026-06-05T18:55:00
226,paid,desktop,signup,2026-06-08T01:15:38.182953
226,paid,desktop,activate,2026-06-08T07:13:34.745539
227,paid,mobile,visit,2026-07-08T16:47:00
227,paid,mobile,signup,2026-07-10T23:09:49.483307
227,paid,mobile,activate,2026-07-12T06:10:28.328176
228,referral,desktop,visit,2026-06-29T01:45:00
228,referral,desktop,signup,2026-06-30T06:16:09.977443
228,referral,desktop,activate,2026-06-30T06:55:19.702757
228,referral,desktop,purchase,2026-06-30T22:12:35.505938
228,referral,desktop,retain,2026-07-01T16:40:54.174359
229,organic,desktop,visit,2026-07-10T04:46:00
229,organic,desktop,signup,2026-07-11T08:12:12.895249
230,paid,mobile,visit,2026-07-03T05:41:00
230,paid,mobile,signup,2026-07-05T19:44:39.087466
230,paid,mobile,activate,2026-07-05T21:11:30.146796
231,email,mobile,visit,2026-07-23T04:36:00
232,paid,desktop,visit,2026-07-07T20:48:00
232,paid,desktop,signup,2026-07-08T20:15:02.995568
233,paid,mobile,visit,2026-07-03T22:28:00
233,paid,mobile,signup,2026-07-06T11:17:06.331694
233,paid,mobile,activate,2026-07-08T05:43:29.775958
234,paid,desktop,visit,2026-07-01T21:40:00
234,paid,desktop,signup,2026-07-04T05:47:06.869109
234,paid,desktop,activate,2026-07-06T03:24:50.741907
235,organic,mobile,visit,2026-07-02T22:59:00
236,email,mobile,visit,2026-06-22T12:08:00
236,email,mobile,signup,2026-06-23T06:38:14.814583
236,email,mobile,activate,2026-06-23T17:43:43.630769
237,organic,mobile,visit,2026-07-28T03:46:00
238,referral,mobile,visit,2026-07-11T20:38:00
239,email,mobile,visit,2026-07-27T20:17:00
239,email,mobile,signup,2026-07-30T18:11:46.667940
239,email,mobile,activate,2026-08-01T01:54:54.875322
240,paid,mobile,visit,2026-07-24T19:58:00
240,paid,mobile,signup,2026-07-26T08:32:39.079388
240,paid,mobile,activate,2026-07-27T17:08:12.463868
240,paid,mobile,purchase,2026-07-30T05:02:08.820008
240,paid,mobile,retain,2026-08-01T19:16:31.298789
241,email,mobile,visit,2026-07-17T03:42:00
242,paid,mobile,visit,2026-06-04T17:36:00
243,email,mobile,visit,2026-06-30T06:23:00
244,paid,mobile,visit,2026-07-12T00:10:00
244,paid,mobile,signup,2026-07-14T16:54:49.989701
244,paid,mobile,activate,2026-07-16T20:22:23.426448
245,organic,desktop,visit,2026-07-10T20:17:00
246,paid,mobile,visit,2026-07-04T02:56:00
247,organic,desktop,visit,2026-07-01T19:10:00
248,organic,mobile,visit,2026-07-01T11:03:00
248,organic,mobile,signup,2026-07-01T17:56:41.919455
249,organic,mobile,visit,2026-07-30T18:17:00
250,paid,desktop,visit,2026-06-08T10:02:00
251,organic,desktop,visit,2026-07-30T17:10:00
252,paid,mobile,visit,2026-06-08T17:04:00
253,paid,mobile,visit,2026-06-12T15:10:00
254,email,mobile,visit,2026-07-18T21:55:00
254,email,mobile,signup,2026-07-20T22:13:20.841414
254,email,mobile,activate,2026-07-20T23:37:59.633816
254,email,mobile,purchase,2026-07-23T20:07:20.298947
254,email,mobile,retain,2026-07-26T03:18:32.171740
255,organic,mobile,visit,2026-06-15T02:28:00
255,organic,mobile,signup,2026-06-17T15:16:51.844127
255,organic,mobile,activate,2026-06-19T22:48:25.056746
256,email,desktop,visit,2026-07-01T15:40:00
257,paid,mobile,visit,2026-06-15T00:58:00
257,paid,mobile,signup,2026-06-17T12:50:25.354473
258,email,desktop,visit,2026-07-10T20:06:00
258,email,desktop,signup,2026-07-11T22:23:35.260354
259,email,mobile,visit,2026-07-11T20:41:00
259,email,mobile,signup,2026-07-12T13:58:46.373827
260,referral,mobile,visit,2026-06-18T15:50:00
260,referral,mobile,signup,2026-06-21T12:01:55.173266
261,paid,desktop,visit,2026-07-05T18:12:00
262,paid,desktop,visit,2026-06-19T04:14:00
263,organic,desktop,visit,2026-07-29T08:40:00
264,paid,mobile,visit,2026-07-17T23:01:00
265,organic,mobile,visit,2026-06-25T19:55:00
266,paid,mobile,visit,2026-06-09T08:21:00
267,organic,desktop,visit,2026-07-02T19:40:00
268,paid,desktop,visit,2026-07-05T00:55:00
268,paid,desktop,signup,2026-07-08T00:31:22.941915
268,paid,desktop,activate,2026-07-08T02:38:59.006200
269,email,mobile,visit,2026-06-14T07:02:00
269,email,mobile,signup,2026-06-15T03:45:35.863201
270,referral,desktop,visit,2026-07-13T16:47:00
270,referral,desktop,signup,2026-07-13T17:15:39.220169
270,referral,desktop,activate,2026-07-14T11:45:42.569806
271,paid,mobile,visit,2026-07-19T00:56:00
272,referral,desktop,visit,2026-06-12T02:10:00
272,referral,desktop,signup,2026-06-13T08:27:07.643745
273,paid,desktop,visit,2026-07-16T11:53:00
274,organic,desktop,visit,2026-06-23T00:31:00
275,organic,desktop,visit,2026-07-03T02:44:00
275,organic,desktop,signup,2026-07-04T08:47:04.356344
275,organic,desktop,activate,2026-07-04T15:02:24.672453
276,organic,desktop,visit,2026-07-17T04:16:00
277,paid,desktop,visit,2026-07-13T19:01:00
277,paid,desktop,signup,2026-07-14T22:56:00.361264
277,paid,desktop,activate,2026-07-17T04:45:55.787824
278,organic,desktop,visit,2026-07-30T19:27:00
279,referral,mobile,visit,2026-07-01T06:23:00
279,referral,mobile,signup,2026-07-02T07:48:49.085096
279,referral,mobile,activate,2026-07-04T06:07:50.302394
280,referral,mobile,visit,2026-07-14T13:22:00
281,email,desktop,visit,2026-07-12T15:48:00
281,email,desktop,signup,2026-07-13T06:23:39.812586
282,email,desktop,visit,2026-06-29T05:22:00
283,email,desktop,visit,2026-06-24T01:22:00
283,email,desktop,signup,2026-06-25T23:58:43.725110
283,email,desktop,activate,2026-06-28T14:03:59.662337
283,email,desktop,purchase,2026-06-30T13:18:49.169516
283,email,desktop,retain,2026-07-02T22:53:10.959313
284,paid,desktop,visit,2026-07-11T00:37:00
285,paid,mobile,visit,2026-07-16T03:58:00
286,paid,mobile,visit,2026-06-25T06:39:00
287,referral,desktop,visit,2026-07-25T20:04:00
288,organic,desktop,visit,2026-06-10T08:07:00
288,organic,desktop,signup,2026-06-12T07:44:12.331282
288,organic,desktop,activate,2026-06-14T03:09:54.913404
288,organic,desktop,purchase,2026-06-16T04:51:33.636422
288,organic,desktop,retain,2026-06-16T08:00:16.846774
289,email,desktop,visit,2026-07-10T14:08:00
289,email,desktop,signup,2026-07-13T12:41:50.260947
290,organic,mobile,visit,2026-07-04T01:39:00
291,referral,desktop,visit,2026-06-03T20:01:00
291,referral,desktop,signup,2026-06-05T15:48:04.170296
292,organic,desktop,visit,2026-07-29T17:22:00
292,organic,desktop,signup,2026-07-30T20:59:38.033333
292,organic,desktop,activate,2026-08-01T16:36:00.778834
293,email,desktop,visit,2026-06-07T23:57:00
294,paid,desktop,visit,2026-07-30T02:59:00
294,paid,desktop,signup,2026-08-02T00:08:41.010328
294,paid,desktop,activate,2026-08-02T13:37:17.687453
295,email,desktop,visit,2026-06-24T16:36:00
296,organic,mobile,visit,2026-07-15T17:02:00
296,organic,mobile,signup,2026-07-16T02:53:31.943645
296,organic,mobile,activate,2026-07-16T15:24:22.316899
297,email,mobile,visit,2026-06-30T02:09:00
298,referral,desktop,visit,2026-06-27T10:18:00
299,email,mobile,visit,2026-07-29T01:04:00
299,email,mobile,signup,2026-07-30T03:09:28.636680
299,email,mobile,activate,2026-08-02T02:05:20.345076
300,organic,desktop,visit,2026-07-03T20:23:00
301,paid,mobile,visit,2026-07-21T05:05:00
301,paid,mobile,signup,2026-07-23T20:45:38.350299
301,paid,mobile,activate,2026-07-25T01:29:18.079722
302,paid,desktop,visit,2026-07-08T06:25:00
303,organic,mobile,visit,2026-07-29T11:12:00
303,organic,mobile,signup,2026-07-30T20:47:36.265390
303,organic,mobile,activate,2026-07-31T06:07:14.396035
304,paid,mobile,visit,2026-06-12T17:52:00
305,email,desktop,visit,2026-06-12T07:14:00
306,organic,desktop,visit,2026-06-21T12:32:00
306,organic,desktop,signup,2026-06-24T08:17:03.605578
307,email,desktop,visit,2026-07-28T19:18:00
308,organic,mobile,visit,2026-07-26T22:14:00
309,paid,desktop,visit,2026-07-23T20:26:00
309,paid,desktop,signup,2026-07-25T19:53:46.416947
310,paid,mobile,visit,2026-07-22T07:14:00
310,paid,mobile,signup,2026-07-24T21:26:21.123639
310,paid,mobile,activate,2026-07-27T17:44:22.991321
311,organic,desktop,visit,2026-07-23T01:51:00
311,organic,desktop,signup,2026-07-24T23:53:36.480191
311,organic,desktop,activate,2026-07-26T21:05:11.612617
311,organic,desktop,purchase,2026-07-29T17:58:10.942608
311,organic,desktop,retain,2026-08-01T03:55:36.424445
312,referral,desktop,visit,2026-06-07T15:24:00
313,organic,desktop,visit,2026-07-13T06:35:00
313,organic,desktop,signup,2026-07-15T02:18:07.942428
313,organic,desktop,activate,2026-07-17T06:03:08.991611
314,email,mobile,visit,2026-06-12T21:39:00
315,paid,desktop,visit,2026-06-23T00:05:00
316,organic,desktop,visit,2026-06-09T19:29:00
316,organic,desktop,signup,2026-06-12T15:33:23.425627
317,paid,mobile,visit,2026-06-15T12:52:00
318,email,mobile,visit,2026-06-18T06:41:00
319,paid,desktop,visit,2026-07-16T09:33:00
320,paid,desktop,visit,2026-07-06T19:03:00
321,email,desktop,visit,2026-07-03T02:54:00
321,email,desktop,signup,2026-07-03T23:13:46.274625
321,email,desktop,activate,2026-07-06T11:55:49.477232
322,organic,desktop,visit,2026-06-10T18:49:00
323,email,mobile,visit,2026-07-07T16:55:00
324,paid,mobile,visit,2026-06-18T17:13:00
325,organic,desktop,visit,2026-07-11T23:48:00
326,organic,mobile,visit,2026-07-26T14:50:00
326,organic,mobile,signup,2026-07-29T13:02:30.435942
326,organic,mobile,activate,2026-07-31T22:17:41.634536
326,organic,mobile,purchase,2026-08-03T17:54:19.081607
327,organic,desktop,visit,2026-07-16T12:26:00
327,organic,desktop,signup,2026-07-16T15:19:52.491023
328,email,desktop,visit,2026-06-14T13:21:00
329,paid,desktop,visit,2026-07-26T19:16:00
330,paid,mobile,visit,2026-06-28T05:41:00
331,paid,desktop,visit,2026-07-15T14:05:00
332,organic,mobile,visit,2026-07-04T12:41:00
332,organic,mobile,signup,2026-07-04T20:39:50.051944
332,organic,mobile,activate,2026-07-05T18:53:09.382422
333,email,mobile,visit,2026-07-25T07:58:00
334,email,mobile,visit,2026-07-23T15:41:00
335,referral,mobile,visit,2026-06-16T12:29:00
336,referral,mobile,visit,2026-07-05T14:32:00
336,referral,mobile,signup,2026-07-07T15:34:39.349515
336,referral,mobile,activate,2026-07-10T11:51:12.775921
336,referral,mobile,purchase,2026-07-10T13:18:54.524126
336,referral,mobile,retain,2026-07-11T00:18:10.990978
337,referral,desktop,visit,2026-07-26T15:47:00
338,email,mobile,visit,2026-06-06T16:03:00
339,paid,mobile,visit,2026-07-14T13:01:00
340,organic,desktop,visit,2026-07-19T12:38:00
340,organic,desktop,signup,2026-07-20T14:12:23.644141
341,referral,mobile,visit,2026-06-25T01:30:00
342,organic,desktop,visit,2026-07-21T19:09:00
342,organic,desktop,signup,2026-07-24T14:56:34.118811
343,referral,mobile,visit,2026-07-15T12:14:00
343,referral,mobile,signup,2026-07-16T13:24:44.213610
344,referral,desktop,visit,2026-06-12T02:14:00
345,paid,mobile,visit,2026-07-06T21:52:00
346,email,mobile,visit,2026-06-27T10:30:00
346,email,mobile,signup,2026-06-30T07:17:13.402684
346,email,mobile,activate,2026-07-03T01:49:24.055802
347,referral,desktop,visit,2026-07-20T00:32:00
347,referral,desktop,signup,2026-07-21T17:02:32.744213
347,referral,desktop,activate,2026-07-22T00:59:44.952587
348,organic,desktop,visit,2026-07-19T08:04:00
348,organic,desktop,signup,2026-07-20T00:54:27.415140
348,organic,desktop,activate,2026-07-21T00:45:20.616643
348,organic,desktop,purchase,2026-07-23T01:50:00.350450
348,organic,desktop,retain,2026-07-25T23:16:56.388159
349,email,desktop,visit,2026-07-30T10:15:00
350,email,desktop,visit,2026-06-19T03:43:00
